name	group	rhop0	etap	etap.hat	gammap	kappa	logFCinf	R2
AT1G04550	IAA12	L	7.71040289433611	0.401952798653673	0.0521312315532744	2.27991339318489	13.0328078883186	0.652267206888286	0.809980907747847
AT1G06690	AT1G06690	E	4.65914634701171	0.454888878970523	0.0976335244893693	1.83597565776956	24.4083811223423	1.21998945678045	0.884373531484315
AT1G07280	AT1G07280	L	14.1130050482547	-0.612969857280758	-0.0434329793821311	1.01674115116966	-10.8582448455328	NA	0.869787219221356
AT1G08810	MYB60	L	8.63852801018496	0.00025478381650363	2.94938925015044e-05	-9.46943864673759	0.0073734731253761	-0.000112341266330485	0.802738312297942
AT1G09812	AT1G09812	E	3.03518524627067	0.266075690104475	0.0876637399418706	2.01115117201274	21.9159349854676	1.06331028242547	0.815149069248139
AT1G10140	AT1G10140	L	18.4854666680737	5.12469751851974e-07	2.77228463340372e-08	-16.9464436448399	6.9307115835093e-06	-5.90029604804118e-08	0.889490884493323
AT1G12450	AT1G12450	L	4.99309401690747	-0.00930057094553226	-0.00186268692598996	-3.63741635527232	-0.465671731497491	0.0183525382608484	0.844916202474778
AT1G13360	AT1G13360	L	34.7972858632976	-2.65077483823014	-0.0761776320326766	3.1470763764985	-19.0444080081691	-1.3406089286633	0.941121438547258
AT1G13940	AT1G13940	L	2.3997018576283	-0.145375766409917	-0.0605807617091217	3.70901575351371	-15.1451904272804	-0.757146287674337	0.800507538339474
AT1G14520	MIOX1	L	7.91967526157291	-0.599030169359618	-0.0756382237370483	3.76413614505294	-18.9095559342621	-1.00682884546451	0.811031032578592
AT1G14630	AT1G14630	L	5.28394568809397	1.33874856725052	0.253361530620394	4.99999465744438	63.3403826550985	1.18066283982483	0.870745281582967
AT1G14840	MAP70.4	E	4.89000960061607	0.173336551665112	0.0354470779859562	1.55023820325819	8.86176949648905	0.652270071032392	0.825115138869021
AT1G15215	SHH1	L	4.28780223233949	-0.0600647657225398	-0.0140082873387954	-0.310627474330807	-3.50207183469884	1.08910391296045	0.863007525683406
AT1G15440	PWP2	L	5.8324241296033	-0.242328888494239	-0.0415485710760067	3.70142570200788	-10.3871427690017	-0.475184986915071	0.809078686213919
AT1G15550	GA3OX1	L	9.06074945248274	0.832546764279734	0.091884978019297	0.670426989886866	22.9712445048243	2.14612090317912	0.981685409731827
AT1G15580	IAA5	L	1.54163890432339	8.0789977493613e-08	5.24052534397289e-08	-17.5317670732808	1.31013133599322e-05	-1.07811154674138e-07	0.806620280946063
AT1G16170	AT1G16170	L	34.7069319661796	2.70618257936352	0.0779723941603531	0.80007422310479	19.4930985400883	1.78090270867731	0.8483906914409
AT1G16510	SAUR41	L	3.36489000692048	0.180674447007207	0.0536940127717752	-1.64159867053672	13.4235031929438	-2.45568626413927	0.954386324205954
AT1G16780	VHP2%3B2	L	3.64729796857329	-0.0390557914212172	-0.0107081438801378	-0.317670968062768	-2.67703597003445	0.881826812768145	0.856958537293437
AT1G17730	CHMP1A	L	24.8647128481867	0.233426466732265	0.00938786094806191	-1.14146098557077	2.34696523701548	-0.33208179513425	0.899424833393764
AT1G17970	AT1G17970	L	4.92064064022331	0.234330408893163	0.0476219309692425	-0.0328118562156694	11.9054827423106	NA	0.905277049334527
AT1G18360	AT1G18360	L	3.18184986791452	9.68210396320679e-08	3.04291665701774e-08	-16.8208270562012	7.60729164254434e-06	-6.524650739836e-08	0.806100139185065
AT1G18400	BEE1	L	16.6685507930451	-0.118038834482887	-0.0070815295191792	-2.1899231656053	-1.7703823797948	0.112155928087043	0.84437126901729
AT1G20823	ATL80	L	5.24740208061925	-0.142886903357545	-0.0272300275759853	-0.285934725290549	-6.80750689399633	1.75736063604932	0.932029920130535
AT1G21270	WAK2	L	11.952517474678	-0.488853815201769	-0.0408996528335917	2.49248292446339	-10.2249132083979	-0.761775706399386	0.80038635109694
AT1G22370	UGT85A5	L	3.3254722945518	-0.0955607016808059	-0.0287359788976035	0.628622077797655	-7.18399472440089	NA	0.966993218389273
AT1G23090	SULTR3%3B3	L	15.9426990311268	0.0683498880008566	0.00428722187299711	-3.71296134833829	1.07180546824928	-0.0422586001434153	0.875559856297355
AT1G23980	ATL47	L	2.32491575180171	0.302080390608844	0.129931757903375	2.10921126330912	32.4829394758438	1.34485774219202	0.842713258570717
AT1G24440	AT1G24440	L	4.72531850472905	0.0758487797594602	0.0160515697901743	-1.47281312008032	4.01289244754357	-0.458910387634193	0.929031312129187
AT1G29170	SCAR3	L	2.02737158479259	-0.148626964546391	-0.0733101744452023	4.32933674451158	-18.3275436113006	-0.79419150646149	0.93863065800176
AT1G30040	GA2OX2	L	1.60580284746389	-0.0267361720453548	-0.0166497226528028	-1.01921039247872	-4.16243066320071	0.49405466194759	0.894921235028107
AT1G30110	NUDT25	L	21.7369899529257	1.68173688682823	0.077367514567116	1.13349206753677	19.341878641779	1.43637367144192	0.885492464439405
AT1G31040	AT1G31040	L	1.35356838865057	0.06688751192339	0.0494156870714696	-1.02270892378732	12.3539217678674	NA	0.920375281059156
AT1G31050	BHLH111	L	1.83934154939877	-0.0526037615604063	-0.0285992351869619	0.158262203455846	-7.14980879674047	NA	0.910846092985143
AT1G31355	AT1G31355	L	1.34439713167972	0.176180501993747	0.131047960340129	3.02786244056361	32.7619900850322	1.05798193414522	0.906565455062025
AT1G32090	AT1G32090	L	4.16011826402937	0.0644227407322492	0.0154857955095371	-2.75573643690779	3.87144887738427	-0.218408477899732	0.976115089096671
AT1G32240	KAN2	L	3.26323432700749	-0.0140616846901528	-0.00430912502169218	-3.18937905533584	-1.07728125542305	0.0479252152364849	0.931116988885565
AT1G32640	MYC2	L	16.6036588334017	-0.274962754244038	-0.0165603712412407	-0.635763494129623	-4.14009281031018	0.723515004581552	0.968598380650199
AT1G33960	AIG1	L	6.52238880806198	-0.00268080308643483	-0.000411015529022316	-6.08403414732373	-0.102753882255579	0.00243452731176812	0.835231023530034
AT1G35460	BHLH80	E	4.12953630698011	0.270576313681515	0.0655222023896878	2.42991425726861	16.3805505974219	0.743403390261127	0.91819083139579
AT1G48320	DHNAT1	L	23.6443472023477	-0.458731451866884	-0.0194013160076306	0.405954622114995	-4.85032900190765	NA	0.893651072944663
AT1G48745	AT1G48745	L	5.17158932424826	-0.460245268231101	-0.0889949374118181	3.97214680420258	-22.2487343529545	-1.18481360140757	0.985947182621049
AT1G49200	ATL75	E	2.3238715384793	1.21732046951381	0.523832944014797	0.626810027811341	130.958236003699	4.45238531735196	0.945510743981049
AT1G49470	AT1G49470	L	13.0381152732883	-0.616136903096614	-0.0472565927039255	1.79144706991218	-11.8141481759814	-1.55416799344072	0.862015995979954
AT1G51090	AT1G51090	L	0.632305532931187	0.00365057691200091	0.00577343819067641	-4.64848727812646	1.4433595476691	-0.0455060096950668	0.811900897643031
AT1G51350	AT1G51350	E	4.96475035510527	-0.154556745397785	-0.0311308191435755	0.512485920498332	-7.78270478589389	NA	0.80842775325516
AT1G51800	IOS1	L	4.88687377465787	2.25332412730677e-07	4.61097264061117e-08	-16.5971028722243	1.15274316015279e-05	-1.00201638225084e-07	0.914509145343188
AT1G52770	AT1G52770	L	0.718078305659272	0.133911179549772	0.186485482842749	1.39974528139592	46.6213707106872	2.11460153625073	0.942821801605817
AT1G54730	AT1G54730	L	4.74917183712842	0.0917670734188716	0.0193227528011196	-0.0938521109088478	4.83068820027991	NA	0.871249990806125
AT1G55760	AT1G55760	L	1.63846341797875	0.0375080055066498	0.0228921836734814	-1.11128618634284	5.72304591837036	-1.04392248484676	0.800663870076025
AT1G56440	TPR5	E	3.66446592120106	-0.183295742980763	-0.0500197701171926	1.01910547529215	-12.5049425292981	NA	0.969326671156754
AT1G59660	NUP98B	E	1.99820429312332	-0.0940659567100993	-0.0470752450256567	0.606330776491089	-11.7688112564142	NA	0.804448063793869
AT1G60940	SRK2B	L	39.3845404439553	1.09151702520302e-06	2.77143522026431e-08	-17.8357992294948	6.92858805066078e-06	-5.60436887757604e-08	0.891403756101183
AT1G61120	GES	L	2.63070878317918	-7.27231615956015e-08	-2.76439422183844e-08	-17.3480976734952	-6.91098555459609e-06	5.74728396976596e-08	0.807345337830638
AT1G61170	AT1G61170	L	3.40847431171745	0.615689457341239	0.180634911997036	3.83787528971166	45.158727999259	1.12211580668237	0.84781797778119
AT1G61350	AT1G61350	L	2.96563264332554	-0.00696283723800707	-0.00234784212187495	-3.70624497438762	-0.586960530468739	0.0226690238754263	0.821030327500909
AT1G62820	CML14	L	47.7978275250852	1.00510068468243	0.0210281666913614	1.34483225379584	5.25704167284035	0.476025825782926	0.855882393795631
AT1G63800	UBC5	L	11.9388186816632	0.151558514845382	0.0126945989286327	-2.29650571296427	3.17364973215816	-0.214566164221155	0.824908682247509
AT1G64390	AtGH9C2	L	11.3709037647834	-0.0517890800642944	-0.00455452628353862	-2.68428640549569	-1.13863157088466	0.0599344662966878	0.815573315128316
AT1G64600	AT1G64600	L	3.56878433946525	-0.252695684099057	-0.0708072161449019	4.99999889498198	-17.7018040362255	-0.630474685112931	0.83918171808352
AT1G64620	DOF1.8	L	2.95057378348836	-0.141087667848704	-0.0478170275348616	2.95356341190464	-11.9542568837154	-0.748408498145642	0.82038240426068
AT1G65390	PP2A5	L	1.40925150421852	0.368849324537928	0.261734206728747	4.99999295602823	65.4335516821867	1.20706376785508	0.879346103387083
AT1G67265	DVL3	E	2.86671687616999	-0.222045523169509	-0.0774563839963743	0.376713870670395	-19.3640959990936	NA	0.824819861737813
AT1G67400	AT1G67400	L	5.53116149852452	0.0756158894133249	0.0136708880103204	-2.20207398228037	3.41772200258011	-0.243326262111175	0.876252271387658
AT1G67920	AT1G67920	L	4.78337084257292	9.03667873041264e-07	1.88918631396597e-07	-15.6965390739167	4.72296578491494e-05	-4.34095714276287e-07	0.95222655658361
AT1G68020	TPS6	L	3.1446855038186	-1.79359190411126e-07	-5.70356527523435e-08	-15.9122801801059	-1.42589131880859e-05	1.29279161760717e-07	0.938024855763221
AT1G68110	AT1G68110	L	2.92869871828879	0.00247352338364781	0.000844581031227777	-5.32883511294204	0.211145257806944	-0.00572776799293915	0.859072601757832
AT1G68660	AT1G68660	L	56.3244368787134	3.2145554780756	0.057072128124382	3.27145123232508	14.2680320310955	0.522194080527383	0.90150088159149
AT1G69040	ACR4	L	5.53760216060602	-0.0318052267825594	-0.00574350158428116	-2.37513126411585	-1.43587539607029	0.0846828171605537	0.867702321069424
AT1G69080	AT1G69080	L	4.20207767288346	0.255132590760344	0.060715819797132	0.619086651612123	15.178954949283	1.78736159684981	0.920012687577789
AT1G69160	AT1G69160	L	7.20367781945264	0.51227762355932	0.0711133446551395	0.479781859381539	17.7783361637849	2.23434926735604	0.847369210896835
AT1G70550	AT1G70550	L	1.86599268720197	0.0149588714814708	0.00801657561900815	-1.73077567486141	2.00414390475204	-0.177546468241848	0.831550146873397
AT1G70560	TAA1	L	6.5800343973575	0.788650301233949	0.119855042330883	1.41329943312575	29.9637605827207	1.64160533239543	0.973394742330783
AT1G70985	AT1G70985	L	12.1027321822941	0.184866232643574	0.0152747520030253	-4.89684517677255	3.81868800075631	-0.117134143931901	0.824394976552403
AT1G71015	AT1G71015	L	1.59704973548653	-0.14570269387657	-0.0912324085086693	4.99999727397883	-22.8081021271673	-0.878751906106937	0.886608903435236
AT1G71696	SOL1	E	4.5526436796488	-0.295517809062915	-0.0649112537367985	4.99999271484893	-16.2278134341996	-0.56609351589785	0.822135121585244
AT1G71750	HGPT	L	4.73627473691206	0.524868925350137	0.110818935662575	4.9999973549558	27.7047339156438	0.636074670174371	0.818376946017388
AT1G71970	AT1G71970	L	13.8083698257257	0.0884269285741009	0.00640386444526976	-2.30132591249484	1.60096611131744	-0.104026011433462	0.814065966764053
AT1G72180	AT1G72180	L	5.7488032368064	-0.0361020077644854	-0.00627991710228387	-2.45146015181525	-1.56997927557097	0.0895559369629723	0.910095583291051
AT1G74510	AT1G74510	L	10.1115095376007	-0.058618973403014	-0.00579725244633685	-1.2153726502936	-1.44931311158421	0.162530327143777	0.910243778843754
AT1G75380	BBD1	L	65.9043405823972	-4.35125091995842	-0.0660237380649952	4.99999529173427	-16.5059345162488	-0.578023264487604	0.893860117744338
AT1G75580	SAUR51	L	6.33132973260657	-0.444141716743677	-0.0701498319470444	1.9570204565104	-17.5374579867611	-3.26715656504467	0.828258595774029
AT1G75710	AT1G75710	E	6.20756660955592	0.484478795539276	0.078046491646738	1.28217279019515	19.5116229116845	1.33443232873293	0.891150286619166
AT1G75840	ARAC5	E	22.5053997769783	0.91644607711039	0.0407211640847127	2.0003846165301	10.1802910211782	0.593513146797721	0.815257627505411
AT1G77660	AT1G77660	L	1.55313283494695	0.0512125006492045	0.0329736771362212	-0.507837989585913	8.24341928405529	NA	0.892222657280374
AT1G79490	EMB2217	E	1.39326404631392	-0.0477004056506023	-0.0342364433911868	0.346057991142906	-8.5591108477967	NA	0.838688916994269
AT1G80730	ZFP1	L	0.75472310554598	0.077681735954226	0.102927464898573	0.279480031009605	25.7318662246433	3.35149406099929	0.955686125257863
AT2G01940	SGR5	L	1.61268129533836	0.0898319762224704	0.0557034898849141	0.350801685354197	13.9258724712285	2.31316687203202	0.816746849744712
AT2G02070	IDD5	L	15.8592878560464	-0.0389313964386771	-0.00245480104731401	-3.00643052114084	-0.613700261828502	0.0291530711317153	0.842336447315739
AT2G02080	IDD4	L	8.80573051728537	-0.00626896010026185	-0.000711918231878216	-5.31679579020374	-0.177979557969554	0.00482135150093175	0.866001024533739
AT2G02710	TLP1	L	7.93309189334666	-0.131545643042139	-0.0165818882234887	0.435442473788505	-4.14547205587217	-4.38123395567234	0.831228572492417
AT2G04630	NRPB6B	L	95.9182938380781	3.91208552470999	0.0407856037484786	3.41455069419734	10.1964009371196	0.376975092654654	0.848209071252951
AT2G15080	AtRLP19	L	2.36297669604763	-0.0613465791601061	-0.0259615675697165	0.211075753520757	-6.49039189242912	NA	0.88456975844093
AT2G15320	AT2G15320	L	9.53503039817128	8.59821421686118e-07	9.01750058238958e-08	-15.724092753642	2.25437514559739e-05	-2.0684030078973e-07	0.840377817382243
AT2G16367	AT2G16367	E	1.15389012057724	1.23566616740273	1.07086987345431	4.25531123323856	267.717468363579	2.86619035005451	0.852843952434772
AT2G16430	PAP10	L	12.8338894541772	0.222584355949216	0.0173434839643853	1.12921072099	4.33587099109633	0.46881641701454	0.879050990100246
AT2G16920	UBC23	L	2.79048318482269	-0.065305163069988	-0.0234028154784016	1.54348917263835	-5.85070386960041	-0.687467271335703	0.857081673629888
AT2G17380	AAP19-1	L	68.8253788794173	0.0515767821465961	0.000749386098360013	-4.7710430337706	0.187346524590003	-0.00567624229834324	0.835389404738893
AT2G18350	ZHD6	L	2.51750689315192	0.0243670534789156	0.00967904141402687	-2.4444441052602	2.41976035350672	-0.150385313060018	0.908680865866773
AT2G18938	AT2G18938	L	0.160048614131012	0.319861759530415	1.99852876744427	4.9999916004802	499.632191861069	3.45846870814353	0.856433526532438
AT2G18969	AT2G18969	L	1.8656286060339	1.02739612317643	0.550697025042163	1.83701530154616	137.674256260541	3.08652112098942	0.810684811724592
AT2G18970	AT2G18970	L	1.57195798066908	0.348953282697592	0.221986393395239	-0.707654656438613	55.4965983488097	NA	0.910690726449072
AT2G19460	AT2G19460	E	13.0180352268032	0.643852605607359	0.0494585084761265	0.461593504814862	12.3646271190316	1.87918939352664	0.824997106640716
AT2G20180	PIF1	L	6.6994498471206	0.23994691416971	0.035815913193654	0.496635989471887	8.95397829841351	1.48693354425893	0.890262611061204
AT2G20860	LIP1	L	69.1406453185071	0.728668583004227	0.0105389323407021	0.112674983566971	2.63473308517552	1.73913430012495	0.860555509562822
AT2G21560	AT2G21560	L	8.57253121718104	0.684151676431619	0.0798074289960524	1.24513951908792	19.9518572490131	1.37983122253821	0.843497205855518
AT2G22430	ATHB-6	L	76.2295858929346	-5.97735213336451	-0.0784124964519652	2.68320786291323	-19.6031241129913	-1.89209990337546	0.946145463820115
AT2G22475	GEM	L	10.6913929123627	9.54881095148981e-08	8.93130673408166e-09	-17.8806213326867	2.23282668352041e-06	-1.80155260272618e-08	0.801960043995317
AT2G23080	CKA3	E	8.75666551163605	-0.171353629717428	-0.0195683653200787	1.76900646236998	-4.89209133001966	-0.467023957402688	0.804933871929808
AT2G25625	AT2G25625	L	12.1775036047627	-0.3028080485503	-0.0248661842671819	0.716070512403917	-6.21654606679547	-2.92299983054828	0.814779553798489
AT2G25950	AT2G25950	E	21.3495799309788	-0.722594982409062	-0.0338458641689975	1.84716080513827	-8.46146604224937	-0.883847024888416	0.812859178112356
AT2G26100	B3GALT12	E	6.67039404776304	-0.445510990294339	-0.0667893061645653	4.9999997800688	-16.6973265411413	-0.58629012865652	0.893302548788199
AT2G26440	PME12	L	15.1460214386533	-1.18703800827301	-0.0783729253970044	4.99999933030736	-19.5932313492511	-0.717535711129355	0.825502986280026
AT2G26975	COPT6	L	35.2338468159392	0.760975565480911	0.0215978564434428	0.964773233188166	5.39946411086071	0.641232926010822	0.945540882383131
AT2G28080	UGT86A2	L	7.38409811589724	0.223094697791331	0.0302128566400045	-0.899257231164319	7.55321416000113	-2.64330823679905	0.954042393900233
AT2G28140	AT2G28140	L	2.67035021407193	0.37430292877285	0.140169977256312	1.01005987160675	35.042494314078	2.16006445810094	0.805067620417358
AT2G28305	LOG1	L	10.0950992907743	3.10750063434617	0.307822691470311	4.99999204493265	76.9556728675777	1.34432625294022	0.914463464556657
AT2G28450	AT2G28450	L	4.38029739624406	-0.0813248677054542	-0.0185660607828106	0.426605649572009	-4.64151519570265	NA	0.863134930389641
AT2G28930	APK1B	L	5.61943686155891	0.595466423523182	0.105965497645611	1.59743142956697	26.4913744114028	1.41054364353832	0.893947680061045
AT2G29690	ASA2	L	7.55985047957538	-0.239897427739322	-0.031733091598499	4.99999167070382	-7.93327289962475	-0.249248971040302	0.884832303565459
AT2G30070	POT1	L	4.3053644913633	-0.00237856439775003	-0.000552465279657857	-5.97867481229571	-0.138116319914464	0.00332899731193316	0.934164829847628
AT2G31110	TBL40	L	7.23621100591705	5.23270222895855e-06	7.23127369376013e-07	-15.2074756995942	0.000180781842344003	-1.71503297206289e-06	0.980183284839148
AT2G33170	AT2G33170	L	1.55671140923409	-0.0100229215309345	-0.00643852256203723	-2.51020051570079	-1.60963064050931	0.0896657163104243	0.938135999231469
AT2G33175	AT2G33175	L	2.42775560626612	-0.139613539018417	-0.057507246058075	1.34876956873758	-14.3768115145187	NA	0.863319027377115
AT2G33360	AT2G33360	L	1.84698894822202	-0.0876072714070401	-0.0474324827397446	4.99999539809418	-11.8581206849362	-0.390552578270631	0.808964034108596
AT2G33480	ANAC041	L	7.09681667686398	-0.152965341327283	-0.0215540781581633	0.671579692367808	-5.38851953954083	-2.33908869866953	0.841837813763577
AT2G33990	iqd9	L	10.2463508914032	0.319293763593179	0.0311617049793862	-2.23473462132377	7.79042624484656	-0.618398384369829	0.820057914673931
AT2G34010	TIE4	L	1.42809335555639	0.207037388074621	0.144974687592436	-0.849100468300161	36.2436718981089	NA	0.949406059380954
AT2G35290	SAUR79	L	5.49512564134714	-1.21919825813512e-07	-2.21869041348476e-08	-17.7288586790931	-5.54672603371191e-06	4.51367691772659e-08	0.906079063470093
AT2G35960	NHL12	E	14.1623821959255	1.54786647727047	0.109294217304473	2.11966967486022	27.3235543261181	1.19474756034552	0.852364762665555
AT2G36307	ZPR4	L	2.38489898423427	0.18212534222302	0.0763660613833064	-3.81563675502183	19.0915153458266	-1.00100848772263	0.855825294681846
AT2G38180	AT2G38180	L	14.0002635200939	2.82497900944584	0.201780416875103	3.82016676523081	50.4451042187758	1.21443247649682	0.930013215872432
AT2G39705	RTFL8	L	16.8091808925863	1.59504649638183	0.0948913874253877	2.23764359006354	23.7228468563469	1.04276404103512	0.857779533604154
AT2G40120	AT2G40120	L	1.34256453110702	0.0178212800912348	0.0132740584741504	-2.17372734225682	3.3185146185376	-0.23899514480034	0.884392154518161
AT2G40435	AT2G40435	L	19.1404755809854	0.0632922307803224	0.00330672195225903	-5.78065765454412	0.826680488064759	-0.0207806448608611	0.845907917557303
AT2G40540	POT2	L	9.19376345790534	-0.00104420800821464	-0.00011357786318907	-6.89948526672711	-0.0283944657972675	0.000593611354331327	0.874071910648647
AT2G40750	WRKY54	E	1.62687742201673	0.235689454524219	0.144872288062152	2.85372400660675	36.218072015538	1.18215273286192	0.808275201326388
AT2G40900	UMAMIT11	L	9.37839356961535	-0.401649205643479	-0.0428270793566145	3.0941910220945	-10.7067698391536	-0.612699407571027	0.859864559021896
AT2G41160	AT2G41160	L	10.3506873616843	-0.53075776134191	-0.0512775376934526	4.99998793790345	-12.8193844233631	-0.42737863860996	0.853158764390969
AT2G41940	ZFP8	L	26.2160736137599	4.97389937092305	0.1897270904943	3.47549538387056	47.431772623575	1.24168678202893	0.91980821405518
AT2G43140	BHLH129	L	6.21512200254064	0.393193121521206	0.0632639425839871	0.274683702580348	15.8159856459968	2.75657288337157	0.931589581297828
AT2G44130	KMD3	L	8.29031932792635	0.569901339529372	0.0687429901052944	-0.782908380749955	17.1857475263236	NA	0.927832745556851
AT2G44370	AT2G44370	L	3.99820288539039	0.315902502965443	0.0790111237525651	-0.718111853553759	19.7527809381413	NA	0.896175479930936
AT2G44940	ERF034	L	8.79206404894811	-0.0207124912813578	-0.0023558166962894	-3.7400865651644	-0.588954174072351	0.0225412077425843	0.828279912242818
AT2G45100	AT2G45100	L	1.65340137607718	-8.60432417044989e-07	-5.20401415829488e-07	-13.8741591856052	-0.000130100353957372	1.35283907980979e-06	0.850177775467348
AT2G45970	CYP86A8	L	6.45497729850671	-0.188157959725194	-0.029149282952354	2.47149800412224	-7.28732073808851	-0.504006926316568	0.804154072616294
AT2G46510	AIB	L	6.26532448136703	-0.488321635202175	-0.0779403583412855	2.94834876717711	-19.4850895853214	-1.56013832013617	0.958574283040999
AT2G46680	ATHB-7	L	14.7234920811396	-0.592103950411076	-0.0402149128174249	1.15503302239759	-10.0537282043562	-2.94817156667014	0.88954099794398
AT3G01360	AT3G01360	E	16.2229559960079	-0.858511699887737	-0.0529195604117397	4.00431419990064	-13.2298901029349	-0.578608981008896	0.86868665514916
AT3G01440	PNSL3	E	7.53107215163291	1.20737361522685	0.160318954714179	1.00142036730853	40.0797386785447	2.32258845199335	0.916509941941335
AT3G01660	AT3G01660	L	4.84946740971413	0.0356456368521205	0.00735042301361124	-1.53046371645738	1.83760575340281	-0.184536975403297	0.864317921036423
AT3G02140	AFP4	L	7.47958244921275	0.274681594222174	0.0367241882935704	2.13790436428669	9.1810470733926	0.515451508096093	0.84524314892784
AT3G03305	AT3G03305	E	5.55645515759563	-0.196756134572048	-0.0354103702795268	0.675255720037863	-8.85259256988171	NA	0.820274270219591
AT3G04070	anac047	L	3.27032769660094	-0.455669992770435	-0.139334658494328	4.48420032358423	-34.8336646235821	-2.16364822322553	0.873421715256087
AT3G04160	SNRNP48	E	1.69464103700042	-0.0447347608915055	-0.0263977797744635	0.631219332332578	-6.59944494361588	NA	0.862332800643421
AT3G05070	AT3G05070	E	22.9282107155743	1.03502682447814	0.045142067007221	0.84684129559325	11.2855167518053	1.22197615330073	0.933325276071509
AT3G05936	AT3G05936	L	1.11025713048489	0.0865617115841107	0.0779654633213712	0.217435736838527	19.4913658303428	3.31675341401028	0.840146788213488
AT3G06070	AT3G06070	L	7.98346184327299	2.82433874724961	0.353773688995513	4.99999930808398	88.4434222488783	1.46929663726388	0.834669573543019
AT3G06080	TBL10	L	8.77587186292842	-0.0735131264408547	-0.00837673197479026	-1.06998208161985	-2.09418299369757	0.257881181155857	0.828425498529877
AT3G07600	AT3G07600	E	2.45256786180577	0.327783272058116	0.133649012189525	0.0322655356378362	33.4122530473812	6.70810445868731	0.807637026378304
AT3G07700	AT3G07700	E	7.48808418262652	-0.228639298519243	-0.030533751082783	0.283870392466456	-7.63343777069575	NA	0.807167679077297
AT3G07770	Hsp89.1	L	25.7008069587603	-2.00165982449613	-0.0778831508173267	4.99999630425345	-19.4707877043317	-0.71173840889183	0.894601957514158
AT3G08970	ERDJ3A	E	2.46259672715212	-0.182210878270952	-0.073991358902548	0.828955219129081	-18.497839725637	NA	0.837699173213275
AT3G10525	SMR1	L	13.7221307695167	0.282947034356153	0.0206197593587077	-0.952653778663436	5.15493983967692	-1.12379126981303	0.815091135345156
AT3G10530	AT3G10530	L	7.883362504765	-0.123834530108967	-0.0157083389269638	1.25960361195415	-3.92708473174096	-0.539040401481347	0.869903840464615
AT3G11090	LBD21	L	16.439652253049	0.561405490318178	0.0341494747989001	-0.414326938233741	8.53736869972503	NA	0.818713306490761
AT3G12915	AT3G12915	L	1.30727530521929	0.0466706547427916	0.0357007086085535	0.095373678560008	8.92517715213838	3.37268937627565	0.835252007466652
AT3G13510	AT3G13510	L	9.90841273727425	0.292144489462105	0.029484489313116	1.34465860782749	7.37112232827899	0.630571330023986	0.803281003197923
AT3G13690	AT3G13690	L	5.26332591262201	0.0492843821582872	0.00936373368787558	-2.15616218658329	2.3409334219689	-0.165805690454261	0.974690869660441
AT3G14280	AT3G14280	E	21.4482261193627	-1.16617087687702	-0.054371437077691	0.795330336601071	-13.5928592694227	NA	0.844290736898971
AT3G14810	MSL5	L	2.8827985118433	-0.0951909857708091	-0.0330203395692552	1.70356733878274	-8.25508489231379	-0.956169434658335	0.810068775892531
AT3G15115	AT3G15115	L	1.54231098149472	0.0762015390486507	0.0494073763092839	1.15946701476782	12.351844077321	1.04635388741139	0.90531763050034
AT3G15590	AT3G15590	E	8.95951122985234	-0.330410178256078	-0.0368781476778755	4.9999958298897	-9.21953691946887	-0.294050209013056	0.817351407432088
AT3G15760	AT3G15760	L	1.74750932916295	0.235031831565867	0.134495322939676	0.35844017670923	33.6238307349191	3.37581760009349	0.978243102241095
AT3G16660	AT3G16660	L	302.600790282495	11.2110472231986	0.0370489687509819	0.099190888825037	9.26224218774547	3.3698566402235	0.820770224445168
AT3G16700	AT3G16700	L	8.17381048312007	0.706278021803678	0.086407437909434	4.99999305985311	21.6018594773585	0.518069563560936	0.821550491783081
AT3G18710	PUB29	L	6.26424824621687	0.0726055415160289	0.0115904636378159	-2.58160822979565	2.89761590945398	-0.17175957406801	0.86991821868748
AT3G19370	AT3G19370	L	10.9930083101316	0.35453374232052	0.0322508391077779	0.39130692261995	8.06270977694448	1.61374696543371	0.82131561744442
AT3G20010	AT3G20010	L	1.33845689390393	-0.0423379244917661	-0.0316318924311992	1.41775106123696	-7.90797310779981	-1.17717330983726	0.825480337597183
AT3G20630	UBP14	L	10.1376412882695	-0.468804689657674	-0.0462439611273421	4.36358962609604	-11.5609902818355	-0.44407039338453	0.808514368120109
AT3G21760	UGT71B2	E	6.55983369241089	0.413423317053604	0.0630234448674966	1.28312329131712	15.7558612168742	1.15570417672594	0.818305314984619
AT3G21870	CYCU1-1	E	2.5492598879163	0.657793643196202	0.258033183008997	3.12279777826382	64.5082957522493	1.6162265029193	0.829776580869665
AT3G21890	BBX31	L	0.893199881487297	0.117473284746831	0.131519592849948	-0.0644537960799109	32.8798982124871	NA	0.813674648217248
AT3G22810	AT3G22810	L	1.14680381834813	0.241899155976482	0.210933336727912	-0.505969152714842	52.7333341819781	NA	0.865643680843383
AT3G24430	HCF101	E	15.1783579309072	0.891388704502026	0.0587276112844143	1.2962867283149	14.6819028211036	1.09262170800214	0.96251305392483
AT3G24770	CLE41	L	14.6399961139113	-0.0518826321607187	-0.00354389658009667	-3.00946346832849	-0.885974145024168	0.0418591920582462	0.905423815903353
AT3G26230	CYP71B24	E	3.59080282506122	-0.235064275996259	-0.065462874863437	1.40475309656028	-16.3657187158592	NA	0.883890740132849
AT3G26960	AT3G26960	E	4.74613979201384	-0.223311827055778	-0.0470512536169999	0.783781288003007	-11.76281340425	NA	0.832879727079747
AT3G27400	AT3G27400	E	1.14647452229051	0.277584851374716	0.242120383818156	4.9999963256048	60.5300959545389	1.14443983142229	0.836818395065619
AT3G28050	UMAMIT41	L	15.3490001953804	-1.28946836425712	-0.0840099255875452	4.99999875050048	-21.0024813968863	-0.78599890584751	0.858453652370365
AT3G28100	UMAMIT45	L	6.09522297953525	-0.207496685874089	-0.0340425094489176	1.64638763299785	-8.51062736222941	-1.04968781170578	0.907159995814612
AT3G28130	UMAMIT44	L	3.9331154221679	0.0274467833201479	0.00697838236972447	-3.32561164873134	1.74459559243112	-0.0777403191451147	0.875580429667546
AT3G28220	AT3G28220	E	5.99886055237386	3.43504218468243	0.572615775061336	3.12343743022756	143.153943765334	2.48109686528977	0.81828329274684
AT3G28899	AT3G28899	L	3.50544255740379	-7.74989383580986e-08	-2.2108175241501e-08	-18.3608848819675	-5.52704381037526e-06	4.34284001347497e-08	0.864085946960152
AT3G29130	AT3G29130	L	11.4896209167112	0.273327240092466	0.023789056407851	0.937945471667584	5.94726410196274	0.70847291650469	0.807477461560291
AT3G44820	AT3G44820	L	1.28445519899598	-0.0672606152738928	-0.0523650924738117	3.22279262530291	-13.0912731184529	-0.751972824617454	0.849707787771953
AT3G45260	IDD9	L	4.36551110000324	-0.120287632279659	-0.0275540777526759	0.472840996306896	-6.88851943816898	NA	0.879831939229219
AT3G47420	ATPS3	L	20.7965073697916	-0.830156921072048	-0.0399180932793508	2.15310533567945	-9.97952331983771	-0.898334947884627	0.865198429210119
AT3G47540	AT3G47540	L	19.2957765005584	-0.630762543000161	-0.0326891505497022	0.835312540079845	-8.17228763742555	-5.52954821204329	0.918792847878292
AT3G47800	AT3G47800	L	29.950177539359	-1.29169764065964	-0.0431282131453865	4.9999954458041	-10.7820532863466	-0.350414452081163	0.811508109169641
AT3G48250	BIR6	L	1.674978668829	-0.149399492080949	-0.0891948625145151	4.52964779249952	-22.2987156286288	-0.977905383940135	0.821442272427651
AT3G48970	AT3G48970	L	5.14613365892318	0.47005788412644	0.0913419501476375	2.24915364086272	22.8354875369094	1.01098922499506	0.893578886065646
AT3G49320	AT3G49320	L	6.99909507986944	-0.492907628389032	-0.0704244795597528	4.52799490054189	-17.6061198899382	-0.71035005577771	0.849166495317663
AT3G50630	KRP2	L	11.9482247422372	0.934184840900077	0.078186078773503	0.435646443120738	19.5465196933757	2.45596107080087	0.921028523894529
AT3G50660	CYP90B1	L	3.78094407712695	0.085095902122666	0.0225065222830083	-1.4177933842196	5.62663057075208	-0.729431085678963	0.920891376738412
AT3G50800	AT3G50800	L	6.74961246288154	-0.126636217902977	-0.0187619983516673	-0.630876741256149	-4.69049958791683	0.801977316094837	0.821842956258472
AT3G52570	AT3G52570	L	7.01925221655962	6.84705570301861e-08	9.75467968919144e-09	-17.5129763472629	2.43866992229786e-06	-2.00894294987023e-08	0.820018335855418
AT3G52770	ZPR3	L	2.90695644639609	0.194336205961015	0.0668521216415004	-3.92644098555293	16.7130304103751	-0.800006529161753	0.986655346534151
AT3G52910	GRF4	L	3.59088278358621	0.44698425332849	0.124477539442846	1.80702675731073	31.1193848607116	1.44473699236839	0.826418960683281
AT3G53440	AT3G53440	L	2.65375338953788	0.00362295235713344	0.0013652181741591	-4.36047447041692	0.341304543539776	-0.0113367375386957	0.849138986609778
AT3G54220	SCR	L	10.5480055826025	-0.0257111195259992	-0.00243753374272062	-2.57177559021652	-0.609383435680156	0.0337860086417347	0.800382136885312
AT3G55710	UGT76F2	E	1.0060974709044	0.437597907155401	0.434945837565854	3.87407727845387	108.736459391463	1.92856760796773	0.839901464655786
AT3G56200	AT3G56200	L	10.6267583467137	0.0597192278185256	0.005619703193589	-3.24443218023431	1.40492579839725	-0.0638655246847546	0.822098250481429
AT3G57810	AT3G57810	E	9.27813105328077	-0.272485267803519	-0.0293685512996895	1.62844566424306	-7.34213782492238	-0.864774694818853	0.842806972315789
AT3G57910	AT3G57910	E	3.50234476062978	0.206886508221233	0.059070857485781	4.9999926884542	14.7677143714452	0.373347218947548	0.826737834120922
AT3G58720	AT3G58720	E	2.6982278022315	-0.102401944984614	-0.0379515565364517	0.0793377352989719	-9.48788913411292	NA	0.807992362082555
AT3G60030	SPL12	L	6.5585755690368	-0.158142305069267	-0.0241122944158577	0.795804232962076	-6.02807360396442	-2.04383610348355	0.806970549254627
AT3G60200	AT3G60200	E	3.18566708437504	-0.14151584437751	-0.0444226721215196	1.06914327898247	-11.1056680303799	NA	0.832808105890337
AT3G60390	HAT3	L	3.80539888673363	0.672711903732467	0.176778288887842	1.48559746035847	44.1945722219604	1.99090716537887	0.892687511869719
AT3G60640	ATG8G	L	26.3432744768094	0.222618979314047	0.0084506950534955	-1.73727196301999	2.11267376337388	-0.187064321442104	0.877327950113272
AT3G61820	AT3G61820	L	9.98472297939809	0.329282826274553	0.0329786642006971	0.253861567906443	8.24466605017427	2.0866824003234	0.952509419631163
AT3G62570	AT3G62570	L	0.600909452090835	0.0714584889614862	0.118917232393083	-1.04167170654137	29.7293080982708	NA	0.847988615461844
AT3G62650	AT3G62650	L	54.0125172553194	1.94187494031526	0.0359523132598309	1.78792539337896	8.98807831495771	0.587566541291422	0.865745373314205
AT3G63210	MARD1	L	11.9806031764182	0.221832230321011	0.0185159484088121	-0.910982881885382	4.62898710220304	-1.02365417990447	0.88705403801974
AT3G63420	GG1	L	31.5159135792905	1.72939823441739	0.0548738093873248	4.99999179410921	13.7184523468312	0.349783640645311	0.813424403317566
AT4G01860	AT4G01860	L	2.28056381848403	-0.0102688681395204	-0.00450277604875204	-1.69746527013096	-1.12569401218801	0.0926352750435415	0.876069805834991
AT4G02100	AT4G02100	L	3.0026300003751	0.0541744755157965	0.0180423413837299	-1.9221548581586	4.51058534593247	-0.385832857725479	0.887183668376718
AT4G03210	XTH9	L	143.595099516597	4.8736697993426	0.033940362977215	-1.52492080686817	8.48509074430376	-1.17276073290274	0.902386952902196
AT4G03510	RMA1	E	4.43464558897291	0.68908440343861	0.155386578163556	0.789111048384693	38.8466445408891	2.56628819393905	0.894660273369815
AT4G04620	ATG8B	E	31.364269539972	-1.98709647142256	-0.0633554200549806	4.99999899362354	-15.8388550137451	-0.549571898641114	0.892449118731831
AT4G06746	RAP2-9	L	26.9846214886952	0.585011069698751	0.021679424702838	-2.02259596618026	5.41985617570949	-0.4500161385437	0.816864936519846
AT4G09500	UGT79B7	L	3.60103894263088	-0.139798134936027	-0.0388216115302246	1.24196025166988	-9.70540288255615	-2.19402025902629	0.871920547517067
AT4G10140	AT4G10140	L	17.8926121819009	8.07371212566818e-08	4.5123160573698e-09	-18.4512009453731	1.12807901434245e-06	-8.82042315872585e-09	0.884745988737964
AT4G10400	AT4G10400	E	1.8603577452354	-0.109662298948566	-0.0589468876238582	1.73475198577101	-14.7367219059645	-2.73216670046226	0.821067187236566
AT4G10600	AT4G10600	E	1.11495767408525	0.125182189035416	0.112275283578025	0.964248661758063	28.0688208945061	1.96752002820992	0.892849685044751
AT4G11790	AT4G11790	L	8.90441427835565	-0.2013165286743	-0.0226086211154448	2.25786178956915	-5.65215527886121	-0.415676674595296	0.844173069081078
AT4G12310	CYP706A5	L	4.87875171105989	0.235794888503499	0.0483309876108193	1.16775716218422	12.0827469027048	1.02481388303547	0.884102694586501
AT4G12400	HOP3	E	10.5959463919183	-0.591747276785275	-0.0558465714055149	0.335323850763242	-13.9616428513787	NA	0.824447399274532
AT4G12580	AT4G12580	L	5.63590412410654	0.525155209982474	0.0931802951963323	0.502875834638573	23.2950737990831	2.493742339299	0.812665979322998
AT4G13000	AT4G13000	L	0.834961360434111	0.0342426033117958	0.0410110035439154	0.793246826454726	10.2527508859789	1.19692456237979	0.854343007061628
AT4G13370	AT4G13370	E	2.84851327822846	0.136638339517445	0.0479683000117249	0.973022900629553	11.9920750029312	1.15863146776226	0.843668430966165
AT4G14680	APS3	L	18.4128476830249	0.442846757556532	0.0240509651293537	-2.15408255702414	6.01274128233841	-0.472193689171564	0.938837340081361
AT4G14746	AT4G14746	L	13.4623051221519	-0.470892504583681	-0.0349785939563084	1.26642519683335	-8.7446484890771	-1.69198224599834	0.832627238637605
AT4G15440	CYP74B2	L	1.85903504621624	0.253208883254979	0.136204470039628	4.99998737802154	34.0511175099071	0.749340381632707	0.867372891296929
AT4G15640	AT4G15640	L	10.3062645531274	-0.631040249947638	-0.0612288037721826	4.99999293597225	-15.3072009430456	-0.527292750507563	0.906367071332703
AT4G16140	AT4G16140	L	18.4600752333555	2.1873493478333	0.1184908143755	4.99998511754477	29.622703593875	0.671253361773447	0.892324085921163
AT4G16780	HAT4	E	5.90099088510584	1.33113885979022	0.225578870685942	1.00512496652715	56.3947176714856	2.72480676186541	0.844977503162496
AT4G17460	HAT1	E	9.6158166786924	1.2147008021942	0.126323207147433	0.8280298379093	31.5808017868583	2.26722686805913	0.817122878863416
AT4G18570	AT4G18570	L	8.12022939112811	-0.00357240837235591	-0.000439939341647048	-5.8895689995634	-0.109984835411762	0.00269165031095222	0.990287158037964
AT4G18830	OFP5	L	0.845294757328633	0.376744611842005	0.445696141583349	2.19997863811071	111.424035395837	2.60045485110613	0.868557104608989
AT4G18890	BEH3	L	3.05338344712533	0.193744788339894	0.0634524918651469	2.07915459777627	15.8631229662867	0.817999940206612	0.823387065667921
AT4G19430	AT4G19430	L	17.0644847082508	-0.886882639769866	-0.0519724243030351	1.6936787884194	-12.9931060757588	-2.10254522961452	0.800417011168766
AT4G19610	AT4G19610	E	4.06082285465577	-0.151822912830751	-0.0373872287131867	1.07881718118264	-9.34680717829666	-2.90394314625904	0.871731464729144
AT4G20170	GALS3	L	6.7312099550542	0.108835279460382	0.0161687542339489	-0.751764159414959	4.04218855848723	-1.11307908640236	0.852077749226479
AT4G22990	AT4G22990	L	2.08122532987419	-0.0118277747480388	-0.00568308225844713	-1.57960032289458	-1.42077056461178	0.124255257371291	0.819116741445618
AT4G27940	MTM1	L	2.38665813273312	-0.051522255138959	-0.0215876142595913	0.660953112081934	-5.39690356489781	-2.44641141885384	0.939959140864602
AT4G28040	UMAMIT33	L	2.13363238122266	2.51381432213959e-07	1.17818530702045e-07	-16.8468324255764	2.94546326755113e-05	-2.52237661906318e-07	0.891611104540784
AT4G28790	BHLH23	L	1.91522075756112	-0.196139101304399	-0.102410701497496	4.9999894848957	-25.6026753743739	-1.0352083261443	0.837970186177667
AT4G28830	AT4G28830	L	17.0299457331724	0.0128186639996029	0.000752713144272307	-4.7635483140959	0.188178286068077	-0.00571048115624332	0.909116214749305
AT4G31441	AT4G31441	E	-1.81568358974028	8.49765878442817	-4.68014296788555	4.99999099409985	-1170.03574197139	NA	0.973074645529572
AT4G31805	POLAR	E	3.09765490424024	0.550166611264032	0.17760745734166	4.999998815575	44.4018643354151	0.916887417401701	0.849917484202478
AT4G31820	NPY1	L	2.52962454993489	0.258102756362347	0.102032041224849	4.99999774263951	25.5080103062123	0.594701826750158	0.849858931212823
AT4G32800	ERF043	L	4.19243662914451	-0.00859535250015767	-0.00205020451362472	-3.93451401536612	-0.512551128406179	0.0186726984496469	0.814920016355657
AT4G33420	PER47	L	7.94138010668399	-0.344547205217037	-0.0433863132841411	3.27863948954155	-10.8465783210353	-0.579545811265546	0.856984575542554
AT4G33565	AT4G33565	L	7.94313905307382	-0.330862219735945	-0.0416538370441732	1.97901397969054	-10.4134592610433	-1.07763261772645	0.858846382655757
AT4G34680	GATA3	L	3.15045358525868	0.0826265261224289	0.0262268666674055	-0.761808706789543	6.55671666685137	-2.84350055542418	0.882181970384729
AT4G34950	AT4G34950	L	36.9577662023055	0.144783519351841	0.00391753978201228	-4.3076431029126	0.97938494550307	-0.0331797205082462	0.840570267001784
AT4G35720	AT4G35720	L	4.99993277298611	-0.0239196506331142	-0.00478399444935509	-2.98586511815986	-1.19599861233877	0.0566603030488114	0.930972302250365
AT4G35980	AT4G35980	L	31.966447433147	1.10246204680709	0.034488100346863	2.54800574561	8.62202508671575	0.420491313512447	0.8354151475468
AT4G36110	SAUR9	L	2.52556536923343	0.0270862721950562	0.0107248351299961	-2.835391385262	2.68120878249902	-0.143312575177792	0.913418352391414
AT4G36410	UBC17	L	10.7836311278654	0.66395726687994	0.0615708437174048	-1.13368296900149	15.3927109293512	NA	0.856060272342324
AT4G36930	SPT	L	2.34587219569005	8.32508913584582e-08	3.54882467644276e-08	-16.8086820590434	8.87206169110691e-06	-7.61492167544125e-08	0.803038818129988
AT4G37470	KAI2	L	24.0776061681717	3.76457648295831e-07	1.56351775864443e-08	-17.7573009843421	3.90879439661108e-06	-3.1757069208357e-08	0.812342680755707
AT4G37580	HLS1	L	0.560982614756875	0.152861670268768	0.272489140033363	3.11386659079054	68.1222850083407	1.67251914015379	0.945084227001081
AT4G38620	MYB4	L	11.6440752639009	2.22198228139903	0.19082513905485	2.74945341045309	47.7062847637126	1.45160353131224	0.840559239069278
AT4G38840	SAUR14	E	32.2141318760646	6.61685198911994	0.205402151284925	1.07261758042819	51.3505378212312	2.53291637775438	0.864612001651952
AT4G38850	SAUR15	L	4.74882561826234	0.260152901495475	0.0547825762426435	-0.490575349610882	13.6956440606609	NA	0.829808381863836
AT4G39190	AT4G39190	L	4.14344598742599	0.444847813640702	0.107361798606925	1.80695420838705	26.8404496517314	1.31347651056663	0.992541954497536
AT4G39230	AT4G39230	L	6.71541250369977	-0.391799942805035	-0.0583433918004556	4.99999391779074	-14.5858479501139	-0.497602818623132	0.900420570658001
AT4G39320	AT4G39320	E	7.09676518574319	1.60815482417018	0.226603921939087	4.64499080285454	56.6509804847717	1.15030912059613	0.83611681886891
AT4G39780	ERF060	L	9.07810494248638	-0.272466008710901	-0.030013533709633	1.1800123787938	-7.50338342740825	-1.45748748709392	0.932952734037827
AT4G40060	ATHB-16	L	24.6974498588719	-2.03048647208823	-0.0822144182371458	3.33721121009363	-20.5536045592864	-1.38041469790743	0.920931111924946
AT5G01740	AT5G01740	L	44.8601060046188	-3.58279201299532	-0.0798658837905205	2.6326864148227	-19.9664709476301	-2.04934782794515	0.868350384067814
AT5G01790	AT5G01790	L	15.6077525824261	-0.21026303346146	-0.0134717046769572	-0.479500325147959	-3.3679261692393	0.767555189831411	0.873137175864181
AT5G02490	MED37D	L	22.2524468574666	-1.05440890471901	-0.0473839533905104	3.23378655394682	-11.8459883476276	-0.658172306044812	0.83448741576441
AT5G02710	AT5G02710	L	21.5348345057248	2.30165949123524	0.106880760593882	4.99998773677006	26.7201901484705	0.61767943351265	0.858750007685831
AT5G03610	AT5G03610	L	22.4933643013859	0.529621543586436	0.0235456793608151	-1.13489114725012	5.88641984020377	-1.0549228587431	0.91667983463874
AT5G03890	AT5G03890	E	1.24343972098539	0.424666177439245	0.34152534318488	0.845141578776207	85.3813357962199	3.47282662384983	0.945388582991486
AT5G03995	AT5G03995	L	7.18540965068916	1.96550571058933	0.273541218405108	1.5036873506203	68.385304601277	2.47192635025073	0.884888745242149
AT5G06150	CYCB1-2	E	14.7698920455101	0.842068364084525	0.0570124928123969	1.06676514647098	14.2531232030992	1.22410632075619	0.86666366783544
AT5G06265	AT5G06265	L	6.51554241797865	0.22585750578662	0.0346644210562425	0.649347876211643	8.66610526406062	1.22316667914745	0.900091407192513
AT5G06710	HAT14	L	1.27311682146643	0.121400707235226	0.0953570836456248	-0.50832976881483	23.8392709114062	NA	0.846137241335512
AT5G06770	AT5G06770	L	6.22115209645988	0.216868822181589	0.0348599132152703	0.234002283660349	8.71497830381758	2.24010465953229	0.886216575632092
AT5G07180	ERL2	L	1.38409416089534	-0.0163178957124505	-0.011789584967178	-0.561392797418941	-2.9473962417945	0.60882340716944	0.805905232283908
AT5G07960	AT5G07960	L	79.2548534760718	0.852853031424457	0.0107608934219019	-2.61149392077413	2.69022335547547	-0.156843797568939	0.807357900013494
AT5G09590	HSP70-10	L	25.9841846019031	-1.67542508346562	-0.064478647651807	4.99998679166859	-16.1196619129518	-0.561481636966391	0.943296875480768
AT5G09740	HAM2	E	5.95832850119844	-0.238200572673279	-0.0399777509120835	2.3665701093708	-9.99443772802088	-0.791651093385627	0.830094556225695
AT5G10695	AT5G10695	L	24.9671635203587	0.238434603352485	0.00954992757419403	-2.25738744994166	2.38748189354851	-0.161270940851588	0.86951056086777
AT5G10950	AT5G10950	L	8.25063327965708	0.0596965446198741	0.0072353894054488	-2.80038938985603	1.8088473513622	-0.0963334200531918	0.951223367907382
AT5G11950	LOG8	L	26.1993772747375	0.364740462895162	0.0139217226070049	0.0147136091985976	3.48043065175121	4.62377907540381	0.864695570862647
AT5G12900	AT5G12900	L	2.34978617217112	-0.0107174749182134	-0.00456104263662035	-2.84052943678953	-1.14026065915509	0.0567812469665209	0.919247058167604
AT5G13760	AT5G13760	E	4.2254777932266	-0.0713110785517392	-0.0168764532773194	0.321660547036516	-4.21911331932984	NA	0.849551692848322
AT5G13770	AT5G13770	E	9.24915382593583	0.365115269333247	0.0394755321626737	0.824506919063132	9.86888304066843	1.13549785255277	0.814638518905722
AT5G14340	AtMYB40	L	1.13935682641119	9.42575769485177e-05	8.27287595628981e-05	-8.73805032664829	0.0206821898907245	-0.000341513534916162	0.90086569894431
AT5G15080	AT5G15080	L	5.65746083569438	-0.23306073110731	-0.0411952884652544	2.83679102382717	-10.2988221163136	-0.650736175664538	0.807455528727202
AT5G16720	MYOB3	L	1.9780270088976	0.0720390406966021	0.036419644611805	0.395315613306738	9.10491115295125	1.72386453876711	0.917990909844476
AT5G18130	AT5G18130	E	17.2695194290961	-0.64995766363122	-0.0376361175711789	-0.0155491353191422	-9.40902939279473	5.94278642053596	0.802020810406998
AT5G18240	MYR1	L	3.63890059202124	-8.10960933998079e-08	-2.22858776570103e-08	-17.7845429731109	-5.57146941425258e-06	4.51961639062136e-08	0.867309756899148
AT5G18670	BAM9	L	14.1218152982745	0.248316010484143	0.0175838591030492	-3.57087480404121	4.39596477576229	-0.18952580407222	0.817530312927573
AT5G20250	RFS6	L	45.7142855532002	4.51048859961642e-06	9.86669384642862e-08	-15.8504049002257	2.46667346160716e-05	-2.2451526442598e-07	0.874691772244971
AT5G20270	HHP1	L	11.2038093172584	-0.141000003477641	-0.0125850056427187	-0.122904455484927	-3.14625141067967	1.83184339421839	0.831378363040021
AT5G20360	Phox3	L	2.65361980988346	-9.99579406727804e-08	-3.76685236899744e-08	-16.1435074212904	-9.4171309224936e-06	8.41579670712927e-08	0.822467199128501
AT5G20670	AT5G20670	L	3.18945781192764	0.809737544819901	0.253879371531964	1.80388735081655	63.469842882991	2.17584509876349	0.845723519340717
AT5G21100	AT5G21100	L	8.00804803559864	0.190071275119772	0.0237350318423212	-0.77862997844088	5.9337579605803	-2.07143177787289	0.804548419347146
AT5G23210	SCPL34	L	18.8278914419588	0.00776372200827769	0.000412352176143096	-6.59984938377294	0.103088044035774	-0.00225521636112149	0.800576787274641
AT5G24210	AT5G24210	E	19.1559314582721	-0.796079050549064	-0.0415578356125979	0.705586445734891	-10.3894589031495	NA	0.875771853289706
AT5G24640	AT5G24640	L	2.61370171759156	-0.391852723147951	-0.149922510480282	4.9999820781032	-37.4806276200705	-1.99778133749462	0.807497130147276
AT5G25220	KNAT3	L	10.4446749326362	-0.18012807665828	-0.0172459246285816	0.386377352680634	-4.31148115714541	NA	0.916294016753903
AT5G25240	AT5G25240	E	4.36518560165672	0.697263547382841	0.159732852394228	0.05699059464903	39.9332130985569	6.1511653543576	0.807551098257353
AT5G25620	YUC6	E	1.2980518610429	0.128117784130251	0.0987000504181068	1.14898043378977	24.6750126045267	1.65423261884587	0.878878294123525
AT5G25840	AT5G25840	L	14.8897106671237	-0.846057532268744	-0.0568216234138671	4.99999631538285	-14.2054058534668	-0.482186794876357	0.812997464617026
AT5G25890	IAA28	L	21.5425375471236	0.120154837434909	0.0055775619363352	-2.27102368640149	1.3943904840838	-0.091416412230062	0.802686049646226
AT5G26660	MYB86	L	2.41976124395761	0.232971150766306	0.0962785693621872	0.409750203070674	24.0696423405468	2.78119673903571	0.816576947783354
AT5G27290	AT5G27290	E	4.47480397986377	0.249960707060441	0.0558595880814539	0.32774720339496	13.9648970203635	2.39530263502796	0.8243299208273
AT5G27440	AT5G27440	L	2.67243043766652	0.117016892778274	0.0437866936137913	1.90968188751976	10.9466734034478	0.653720186686336	0.863719294494553
AT5G30490	AT5G30490	L	12.136316410155	0.0809156602533402	0.00666723390514391	-0.903778880144821	1.66680847628598	-0.294113336403635	0.88332245789896
AT5G37540	AT5G37540	L	6.13249835747193	-0.251374828208353	-0.0409906066916551	1.53530983717163	-10.2476516729138	-1.58842073207726	0.823666669468843
AT5G38520	AT5G38520	L	28.8436582632008	1.91618804597551	0.0664335996665242	2.5135216496787	16.6083999166311	0.731845476818412	0.801750547948259
AT5G38700	AT5G38700	L	2.25591551384061	-0.0353533994788954	-0.0156714199897972	-1.5575289478655	-3.91785499744931	0.323707856153455	0.865922796054797
AT5G39090	AT5G39090	L	0.522475316520062	0.0200244007676465	0.0383260225593405	-2.02040913492377	9.58150563983511	-0.927512485559434	0.822379034896588
AT5G39610	ATNAC2	L	4.63044752509729	-0.381537225754434	-0.0823974839767604	2.53789903797655	-20.5993709941901	-2.4086670353486	0.917799175870889
AT5G39670	CML45	L	11.5443517252916	-2.90409573858782e-07	-2.51559880337454e-08	-17.4723193152739	-6.28899700843634e-06	5.19284502230105e-08	0.888000825473429
AT5G39960	AT5G39960	L	2.77857219493074	-0.0157938495993894	-0.00568416024179752	-1.46223633063446	-1.42104006044938	0.133803717866244	0.826835264868043
AT5G40160	EMB506	L	26.1628032620515	0.329181474146042	0.0125820414138691	0.28142190765335	3.14551035346728	1.08251219282253	0.858662240264794
AT5G40380	CRK42	L	1.64469557295631	-0.0580318665571312	-0.0352842602067811	1.78215594821169	-8.82106505169528	-0.985547424641675	0.929340839955726
AT5G41400	AT5G41400	L	14.6515035621594	-1.32031347861948	-0.0901145382805258	3.99109628792529	-22.5286345701315	-1.19916374563793	0.851385460316762
AT5G41761	AT5G41761	L	5.62057036192166	-0.566990285540624	-0.100877713297903	2.68251792981386	-25.2194283244757	-4.06226773756471	0.847789284418577
AT5G41810	AT5G41810	L	7.8121745164158	-0.0872176753988238	-0.0111643275781349	-0.826968584172468	-2.79108189453373	0.419547098800176	0.868029223695352
AT5G42320	AT5G42320	L	10.3916601529511	0.0448551297720904	0.00431645464842806	-3.60884166947981	1.07911366210701	-0.0437975085474346	0.812650616345834
AT5G43380	TOPP7	L	2.89543203066659	-5.19754575275598e-08	-1.79508470504811e-08	-17.2661024910268	-4.48771176262027e-06	3.7497746894213e-08	0.800296586037601
AT5G43760	KCS19	L	30.8484796232629	-0.744177788841517	-0.024123645571185	0.98791149010212	-6.03091139279625	-1.36019669575867	0.891197431204903
AT5G43890	YUC5	L	0.333057388127924	0.233591348690026	0.701354652430966	3.96302435252526	175.338663107742	2.43945426400747	0.898921865445495
AT5G44005	AT5G44005	L	6.77229423897116	-0.482776752481257	-0.0712870314616749	2.02929467353486	-17.8217578654187	-3.03770119040508	0.849580798231248
AT5G44210	ERF9	L	7.61586105736166	-0.151764286141039	-0.0199273969151971	0.0276999339127416	-4.98184922879928	NA	0.859241658496178
AT5G44572	AT5G44572	L	68.1025099962001	0.815452172758104	0.0119738930738912	-3.45021169745634	2.99347326847279	-0.130937230539082	0.955519650948532
AT5G44574	AT5G44574	L	2.45111838176256	0.186026913453549	0.0758947078352782	-1.34413671507644	18.9736769588196	NA	0.991600002519423
AT5G44790	RAN1	L	8.44154930832553	-0.115079764852257	-0.0136325407397383	-0.151220603180311	-3.40813518493457	1.70210365314846	0.803088453911805
AT5G45160	RL2	L	1.99964013360649	-8.8554492497778e-08	-4.42852146291263e-08	-15.9789764198584	-1.10713036572816e-05	9.9959558912838e-08	0.81130467778775
AT5G46570	BSK2	L	4.43860800805953	-8.05342740553814e-08	-1.81440383807601e-08	-17.2257017434323	-4.53600959519004e-06	3.79901993867961e-08	0.83370511284297
AT5G47140	GATA27	L	5.00671546700276	3.08704364538621e-07	6.16580603737454e-08	-16.9807002300724	1.54145150934364e-05	-1.30963065050099e-07	0.820861740305975
AT5G47370	HAT2	L	9.17835524596553	3.35413249944355	0.36543938533191	3.8511498179974	91.3598463329774	1.75372198890818	0.976816766272924
AT5G47610	ATL79	L	7.6880581762667	0.57353359613294	0.0746005796240536	0.290892798682478	18.6501449060134	2.88973565229572	0.881482539553184
AT5G48070	XTH20	E	2.67115893290288	0.283256260759621	0.106042458676089	1.19144960665537	26.5106146690223	1.68933148471823	0.832891601482328
AT5G48430	AT5G48430	E	4.56998864398961	0.21047259603734	0.0460553870990798	0.236537078561366	11.5138467747699	2.55278798117384	0.832234955049846
AT5G48485	DIR1	L	254.183263328808	61.9346895301207	0.24366155630791	4.85175372686875	60.9153890769776	1.17346865693896	0.807370421456172
AT5G48570	FKBP65	L	8.74181416081633	-1.10707312978964	-0.126641119271547	4.99999813099787	-31.6602798178868	-1.4469573986472	0.882548835319324
AT5G49300	GATA16	L	5.54482926593042	-0.457452885842863	-0.0825008064096097	4.45714276818102	-20.6252016024024	-0.896320867704811	0.801706805197262
AT5G50450	AT5G50450	L	2.69114930441432	0.112124454670296	0.0416641523702819	-0.227049561836681	10.4160380925705	NA	0.921471581502681
AT5G51440	HSP23.5	E	20.7058505362213	-1.45284507884343	-0.0701659212840319	0.260867301219227	-17.541480321008	NA	0.808542593481101
AT5G51850	TRM24	L	1.0886784567454	0.00988532675399487	0.0090801160735255	-3.01378281675486	2.27002901838138	-0.112976384718311	0.808307693804892
AT5G52020	ERF025	E	0.642356592524458	0.155219688532198	0.241640998689195	1.32747481411301	60.4102496722988	2.47268642869994	0.93319625313662
AT5G52420	AT5G52420	L	16.5875143640444	0.113201815810504	0.00682451953475827	-1.72165570683763	1.70612988368957	-0.150558243092944	0.833431000790002
AT5G52640	HSP81-1	L	23.7049702496008	-2.98067067838056	-0.125740325636171	4.99999696782868	-31.4350814090428	-1.42935058747143	0.961785867565264
AT5G53830	VQ33	L	3.64895664132702	0.816179283332148	0.223674700348132	2.8321622284664	55.9186750870329	1.57260662265762	0.927356286427374
AT5G53880	AT5G53880	L	284.397008010504	8.81788248025637	0.0310055388484631	-1.4045807029319	7.75138471211578	-1.1579936367101	0.876521374277545
AT5G54230	MYB49	L	1.54980549893692	-0.0435930913729378	-0.0281281047220701	0.426001233862963	-7.03202618051751	NA	0.907813836149671
AT5G54300	AT5G54300	L	5.16962014624086	-0.708162963185432	-0.136985492773658	4.59808883626628	-34.2463731934144	-1.97027610378768	0.85432593066577
AT5G54380	THE1	L	7.1371233615154	-0.0520935911776682	-0.00729896185605616	-1.49180131542957	-1.82474046401404	0.16648141807706	0.853995449649572
AT5G55180	AT5G55180	L	46.4945903208504	1.20921725077624	0.0260076977220717	-2.07237017363834	6.50192443051793	-0.543179954145251	0.812947328795968
AT5G56300	GAMT2	L	0.863627164910028	0.0758678905824944	0.0878479668832536	-0.930544137719493	21.9619917208134	NA	0.961216576086187
AT5G57240	ORP4C	L	2.17789653783104	-0.139143201848012	-0.0638888025353973	1.9138183744302	-15.9722006338493	-2.59572845711684	0.864253613615942
AT5G58570	AT5G58570	L	30.4184414798276	-0.36102973154147	-0.0118687780825619	-1.11117296707251	-2.96719452064048	0.341453691391653	0.846897270735954
AT5G58900	AT5G58900	L	13.4879553674276	-0.263929737729572	-0.0195678092446053	-0.0689351101488529	-4.89195231115131	3.01729120563049	0.835345329192542
AT5G59220	HAI1	L	1.99227543577348	-0.239427747018452	-0.120178034984152	3.26555689544247	-30.044508746038	-3.64462141416104	0.943400376606606
AT5G59300	UBC7	L	20.7754870967102	0.0530407282722817	0.00255304378787252	-3.35786946580144	0.638260946968131	-0.0276865974045774	0.8301802973576
AT5G60940	CSTF50	L	6.06815584193888	0.0911315546147164	0.0150179983817947	-0.350065299440929	3.75449959544868	NA	0.860492032671162
AT5G62020	HSFB2A	L	4.01823749798221	-0.309973277273706	-0.0771416018663309	4.11758530649613	-19.2854004665827	-0.911496756021977	0.923886632181151
AT5G62165	AGL42	L	3.23840038088549	-0.167089374393817	-0.0515962681390646	3.10708015212555	-12.8990670347661	-0.773863327632727	0.84600073994068
AT5G62360	AT5G62360	L	14.2203932404703	0.907133779098595	0.0637910473893893	-1.22005505441242	15.9477618473473	NA	0.866987004256475
AT5G62770	AT5G62770	L	6.07872970979313	0.313247813561345	0.0515317884683517	0.515964424144565	12.8829471170879	1.80606305979399	0.948961482269327
AT5G64460	AT5G64460	E	23.6792372728676	0.853674870080958	0.0360516202546408	0.34592319029184	9.01290506366019	1.85018503795356	0.851257131011606
AT5G65310	ATHB-5	L	17.6170295084156	-0.368203197614887	-0.0209004132869845	-0.598249751263899	-5.22510332174613	0.905657682279964	0.925555017785458
AT5G65450	UBP17	L	1.52597475606111	-0.0302782578435503	-0.0198419126681397	0.0580450134783453	-4.96047816703493	NA	0.800020692727779
AT5G66520	PCMP-H61	E	1.46774339871711	0.214656271800297	0.146249182239837	2.15533405588844	36.5622955599593	1.43101488521973	0.894126155847671
AT5G66580	AT5G66580	L	9.76156819847908	0.296141744435815	0.0303375173347614	0.309560586551217	7.58437933369035	1.78661594422958	0.863616836996581
AT5G66910	AT5G66910	E	2.00222181958944	-0.0733533799655144	-0.0366359907018473	1.09103525737511	-9.15899767546181	-2.63915435455245	0.858214785349457
AT5G67350	AT5G67350	L	4.44235244813313	0.684903176884549	0.154175785213165	4.0242630022583	38.5439463032912	0.969225249600541	0.876523805122938
AT5G67480	BT4	L	69.7915304815589	-3.59569267617051	-0.0515204732058512	1.95661216404929	-12.8801183014628	-1.54914183547069	0.897473780963479
